x,y,z,yaw,mps,change_flag
703547.028,5268194.484,0,1.9897310277348563,10,0
703546.621,5268195.398,0,1.990137974469239,10,0
703546.214,5268196.311,0,1.9906437023210524,10,0
703545.806,5268197.225,0,1.9901379740898941,10,0
703545.399,5268198.138,0,1.990137974469239,10,0
703544.992,5268199.051,0,1.9906437022148462,10,0
703544.584,5268199.965,0,1.990137974469239,10,0
703544.177,5268200.878,0,1.9897310273562039,10,0
703543.77,5268201.792,0,1.9910513167622625,10,0
703543.362,5268202.705,0,1.990137974469239,10,0
703542.955,5268203.618,0,1.9897310277348563,10,0
703542.548,5268204.532,0,1.9910513162760117,10,0
703542.14,5268205.445,0,1.9897310277348563,10,0
703541.733,5268206.359,0,1.990137974469239,10,0
703541.326,5268207.272,0,1.9910513167622625,10,0
703540.918,5268208.185,0,1.9897310272499114,10,0
703540.511,5268209.099,0,1.990137974469239,10,0
703540.104,5268210.012,0,1.9906437023210524,10,0
703539.696,5268210.926,0,1.990137974469239,10,0
703539.289,5268211.839,0,1.9897310277348563,10,0
703538.882,5268212.753,0,1.9910513162760117,10,0
703538.474,5268213.666,0,1.990137974469239,10,0
703538.067,5268214.579,0,1.9897310277348563,10,0
703537.66,5268215.493,0,1.9910513163822954,10,0
703537.252,5268216.406,0,1.9897310277348563,10,0
703536.845,5268217.32,0,1.990137974469239,10,0
703536.438,5268218.233,0,1.9910513166559787,10,0
703536.03,5268219.146,0,1.9897310277348563,10,0
703535.623,5268220.06,0,1.9901379740898941,10,0
703535.216,5268220.973,0,1.9906437023210524,10,0
703534.808,5268221.887,0,1.990137974469239,10,0
703534.401,5268222.8,0,1.9901379740898941,10,0
703533.994,5268223.713,0,1.9906437022148462,10,0
703533.586,5268224.627,0,1.990137974469239,10,0
703533.179,5268225.54,0,1.9897310277348563,10,0
703532.772,5268226.454,0,1.9910513167622625,10,0
703532.364,5268227.367,0,1.9901379739835237,10,0
703531.957,5268228.28,0,1.9897310277348563,10,0
703531.55,5268229.194,0,1.9910513167622625,10,0
703531.142,5268230.107,0,1.9897310277348563,10,0
703530.735,5268231.021,0,1.9901379740898941,10,0
703530.328,5268231.934,0,1.9906437022148462,10,0
703529.92,5268232.848,0,1.990137974469239,10,0
703529.513,5268233.761,0,1.990137974469239,10,0
703529.106,5268234.674,0,1.9897310273562039,10,0
703528.699,5268235.588,0,1.9910513167622625,10,0
703528.291,5268236.501,0,1.9897310277348563,10,0
703527.884,5268237.415,0,1.990137974469239,10,0
703527.477,5268238.328,0,1.9910513162760117,10,0
703527.069,5268239.241,0,1.9897310277348563,10,0
703526.662,5268240.155,0,1.990137974469239,10,0
703526.255,5268241.068,0,1.9906437023210524,10,0
703525.847,5268241.982,0,1.990137974469239,10,0
703525.44,5268242.895,0,1.9901379739835237,10,0
703525.033,5268243.808,0,1.9906437023210524,10,0
703524.625,5268244.722,0,1.990137974469239,10,0
703524.218,5268245.635,0,1.9897310277348563,10,0
703523.811,5268246.549,0,1.9910513162760117,10,0
703523.403,5268247.462,0,1.9897310277348563,10,0
703522.996,5268248.376,0,1.990137974469239,10,0
703522.589,5268249.289,0,1.9910513167622625,10,0
703522.181,5268250.202,0,1.9897310273562039,10,0
703521.774,5268251.116,0,1.990137974469239,10,0
703521.367,5268252.029,0,1.9906437022148462,10,0
703520.959,5268252.943,0,1.990137974469239,10,0
703520.552,5268253.856,0,1.9901379740898941,10,0
703520.145,5268254.769,0,1.9906437023210524,10,0
703519.737,5268255.683,0,1.990137974469239,10,0
703519.33,5268256.596,0,1.9897310277348563,10,0
703518.923,5268257.51,0,1.9910513162760117,10,0
703518.515,5268258.423,0,1.990137974469239,10,0
703518.108,5268259.336,0,1.9897310277348563,10,0
703517.701,5268260.25,0,1.9910513167622625,10,0
703517.293,5268261.163,0,1.9897310276285638,10,0
703516.886,5268262.077,0,1.9901379740898941,10,0
703516.479,5268262.99,0,1.9910513167622625,10,0
703516.071,5268263.903,0,1.9897310277348563,10,0
703515.664,5268264.817,0,1.9901379740898941,10,0
703515.257,5268265.73,0,1.9906437022148462,10,0
703514.849,5268266.644,0,1.990137974469239,10,0
703514.442,5268267.557,0,1.9897310277348563,10,0
703514.035,5268268.471,0,1.9910513167622625,10,0
703513.627,5268269.384,0,1.9901379740898941,10,0
703513.22,5268270.297,0,1.9897310277348563,10,0
703512.813,5268271.211,0,1.990137974469239,10,0
703512.406,5268272.124,0,1.9906437022148462,10,0
703511.998,5268273.038,0,1.9901379740898941,10,0
703511.591,5268273.951,0,1.990137974469239,10,0
703511.184,5268274.864,0,1.9906437023210524,10,0
703510.776,5268275.778,0,1.990137974469239,10,0
703510.369,5268276.691,0,1.9897310272499114,10,0
703509.962,5268277.605,0,1.9910513167622625,10,0
703509.554,5268278.518,0,1.990137974469239,10,0
703509.147,5268279.431,0,1.9897310277348563,10,0
703508.74,5268280.345,0,1.9910513162760117,10,0
703508.332,5268281.258,0,1.9897310277348563,10,0
703507.925,5268282.172,0,1.990137974469239,10,0
703507.518,5268283.085,0,1.9906437023210524,10,0
703507.11,5268283.999,0,1.990137974469239,10,0
703506.703,5268284.912,0,1.9901379740898941,10,0
703506.296,5268285.825,0,1.9906437022148462,10,0
703505.888,5268286.739,0,1.990137974469239,10,0
703505.481,5268287.652,0,1.9897310277348563,10,0
703505.074,5268288.566,0,1.9910513163822954,10,0
703504.666,5268289.479,0,1.990137974469239,10,0
703504.259,5268290.392,0,1.9897310277348563,10,0
703503.852,5268291.306,0,1.9910513166559787,10,0
703503.444,5268292.219,0,1.9897310273562039,10,0
703503.037,5268293.133,0,1.990137974469239,10,0
703502.63,5268294.046,0,1.990137974469239,10,0
703502.223,5268294.959,0,1.9906437023210524,10,0
703501.815,5268295.873,0,1.9901379739835237,10,0
703501.408,5268296.786,0,1.9897310277348563,10,0
703501.001,5268297.7,0,1.9910513167622625,10,0
703500.593,5268298.613,0,1.9897310277348563,10,0
703500.186,5268299.527,0,1.9901379740898941,10,0
703499.779,5268300.44,0,1.9910513166559787,10,0
703499.371,5268301.353,0,1.9897310277348563,10,0
703498.964,5268302.267,0,1.990137974469239,10,0
703498.557,5268303.18,0,1.9906437023210524,10,0
703498.149,5268304.094,0,1.9901379740898941,10,0
703497.742,5268305.007,0,1.990137974469239,10,0
703497.335,5268305.92,0,1.9906437022148462,10,0
703496.927,5268306.834,0,1.9901379740898941,10,0
703496.52,5268307.747,0,1.9897310277348563,10,0
703496.113,5268308.661,0,1.9910513167622625,10,0
703495.705,5268309.574,0,1.990137974469239,10,0
703495.298,5268310.487,0,1.9897310277348563,10,0
703494.891,5268311.401,0,1.9910513162760117,10,0
703494.483,5268312.314,0,1.9897310277348563,10,0
703494.076,5268313.228,0,1.990137974469239,10,0
703493.669,5268314.141,0,1.9897310277348563,10,0
703493.262,5268315.055,0,1.9910513162760117,10,0
703492.854,5268315.968,0,1.990137974469239,10,0
703492.447,5268316.881,0,1.9897310277348563,10,0
703492.04,5268317.795,0,1.9910513167622625,10,0
703491.632,5268318.708,0,1.9897310273562039,10,0
703491.225,5268319.622,0,1.990137974469239,10,0
703490.818,5268320.535,0,1.9910513166559787,10,0
703490.41,5268321.448,0,1.9897310277348563,10,0
703490.003,5268322.362,0,1.9901379740898941,10,0
703489.596,5268323.275,0,1.9906437023210524,10,0
703489.188,5268324.189,0,1.990137974469239,10,0
703488.781,5268325.102,0,1.990137974469239,10,0
703488.374,5268326.015,0,1.9906437022148462,10,0
703487.966,5268326.929,0,1.9901379740898941,10,0
703487.559,5268327.842,0,1.9897310277348563,10,0
703487.152,5268328.756,0,1.9910513167622625,10,0
703486.744,5268329.669,0,1.9897310276285638,10,0
703486.337,5268330.583,0,1.9901379740898941,10,0
703485.93,5268331.496,0,1.990137974469239,10,0
703485.523,5268332.409,0,1.9906437023210524,10,0
703485.115,5268333.323,0,1.990137974469239,10,0
703484.708,5268334.236,0,1.9897310273562039,10,0
703484.301,5268335.15,0,1.9910513166559787,10,0
703483.893,5268336.063,0,1.990137974469239,10,0
703483.486,5268336.976,0,1.9897310277348563,10,0
703483.079,5268337.89,0,1.9910513163822954,10,0
703482.671,5268338.803,0,1.9897310277348563,10,0
703482.264,5268339.717,0,1.990137974469239,10,0
703481.857,5268340.63,0,1.9906437022148462,10,0
703481.449,5268341.544,0,1.9901379740898941,10,0
703481.042,5268342.457,0,1.990137974469239,10,0
703480.635,5268343.37,0,1.9906437023210524,10,0
703480.227,5268344.284,0,1.990137974469239,10,0
703479.82,5268345.197,0,1.9897310277348563,10,0
703479.413,5268346.111,0,1.9901379739835237,10,0
703479.006,5268347.024,0,1.9910513167622625,10,0
703478.598,5268347.937,0,1.9897310277348563,10,0
703478.191,5268348.851,0,1.9901379740898941,10,0
703477.784,5268349.764,0,1.9906437022148462,10,0
703477.376,5268350.678,0,1.990137974469239,10,0
703476.969,5268351.591,0,1.990137974469239,10,0
703476.562,5268352.504,0,1.9906437023210524,10,0
703476.154,5268353.418,0,1.9901379740898941,10,0
703475.747,5268354.331,0,1.9897310277348563,10,0
703475.34,5268355.245,0,1.9910513166559787,10,0
703474.932,5268356.158,0,1.9897310277348563,10,0
703474.525,5268357.072,0,1.9901379740898941,10,0
703474.118,5268357.985,0,1.9910513167622625,10,0
703473.71,5268358.898,0,1.9897310277348563,10,0
703473.303,5268359.812,0,1.990137974469239,10,0
703472.896,5268360.725,0,1.9897310273562039,10,0
703472.489,5268361.639,0,1.9910513166559787,10,0
703472.081,5268362.552,0,1.990137974469239,10,0
703471.674,5268363.465,0,1.9897310277348563,10,0
703471.267,5268364.379,0,1.9910513162760117,10,0
703470.859,5268365.292,0,1.9897310277348563,10,0
703470.452,5268366.206,0,1.990137974469239,10,0
703470.045,5268367.119,0,1.9906437023210524,10,0
703469.637,5268368.033,0,1.9901379740898941,10,0
703469.23,5268368.946,0,1.990137974469239,10,0
703468.823,5268369.859,0,1.9906437022148462,10,0
703468.415,5268370.773,0,1.990137974469239,10,0
703468.008,5268371.686,0,1.9897310277348563,10,0
703467.601,5268372.6,0,1.9910513163822954,10,0
703467.193,5268373.513,0,1.990137974469239,10,0
703466.786,5268374.426,0,1.9897310277348563,10,0
703466.379,5268375.34,0,1.990137974469239,10,0
703465.972,5268376.253,0,1.990643701835572,10,0
703465.564,5268377.167,0,1.990137974469239,10,0
703465.157,5268378.08,0,1.990137974469239,10,0
703464.75,5268378.993,0,1.9906437023210524,10,0
703464.342,5268379.907,0,1.9901379739835237,10,0
703463.935,5268380.82,0,1.9897310277348563,10,0
703463.528,5268381.734,0,1.9910513167622625,10,0
703463.12,5268382.647,0,1.9897310277348563,10,0
703462.713,5268383.561,0,1.9901379740898941,10,0
703462.306,5268384.474,0,1.9910513166559787,10,0
703461.898,5268385.387,0,1.9897310277348563,10,0
703461.491,5268386.301,0,1.990137974469239,10,0
703461.084,5268387.214,0,1.9897310277348563,10,0
703460.677,5268388.128,0,1.9910513163822954,10,0
703460.269,5268389.041,0,1.990137974469239,10,0
703459.862,5268389.954,0,1.9897310277348563,10,0
703459.455,5268390.868,0,1.9910513162760117,10,0
703459.047,5268391.781,0,1.9897310277348563,10,0
703458.64,5268392.695,0,1.990137974469239,10,0
703458.233,5268393.608,0,1.9906437023210524,10,0
703457.825,5268394.522,0,1.990137974469239,10,0
703457.418,5268395.435,0,1.9901379739835237,10,0
703457.011,5268396.348,0,1.9906437023210524,10,0
703456.603,5268397.262,0,1.990137974469239,10,0
703456.196,5268398.175,0,1.9897310277348563,10,0
703455.789,5268399.089,0,1.9901379740898941,10,0
703455.382,5268400.002,0,1.9910513166559787,10,0
703454.974,5268400.915,0,1.9897310277348563,10,0
703454.567,5268401.829,0,1.990137974469239,10,0
703454.16,5268402.742,0,1.9906437019417782,10,0
703453.752,5268403.656,0,1.990137974469239,10,0
703453.345,5268404.569,0,1.990137974469239,10,0
703452.938,5268405.482,0,1.9906437022148462,10,0
703452.53,5268406.396,0,1.9901379740898941,10,0
703452.123,5268407.309,0,1.9897310277348563,10,0
703451.716,5268408.223,0,1.990137974469239,10,0
703451.309,5268409.136,0,1.9906437023210524,10,0
703450.901,5268410.05,0,1.9901379740898941,10,0
703450.494,5268410.963,0,1.9901379743628687,10,0
703450.087,5268411.876,0,1.9906437023210524,10,0
703449.679,5268412.79,0,1.990137974469239,10,0
703449.272,5268413.703,0,1.9897310277348563,10,0
703448.865,5268414.617,0,1.9910513162760117,10,0
703448.457,5268415.53,0,1.990137974469239,10,0
703448.05,5268416.443,0,1.9897310277348563,10,0
703447.643,5268417.357,0,1.9910513167622625,10,0
703447.235,5268418.27,0,1.9897310273562039,10,0
703446.828,5268419.184,0,1.990137974469239,10,0
703446.421,5268420.097,0,1.9897310277348563,10,0
703446.014,5268421.011,0,1.9910513166559787,10,0
703445.606,5268421.924,0,1.9901379740898941,10,0
703445.199,5268422.837,0,1.9897310277348563,10,0
703444.792,5268423.751,0,1.9910513167622625,10,0
703444.384,5268424.664,0,1.9897310277348563,10,0
703443.977,5268425.578,0,1.9901379740898941,10,0
703443.57,5268426.491,0,1.9910513166559787,10,0
703443.162,5268427.404,0,1.9897310277348563,10,0
703442.755,5268428.318,0,1.990137974469239,10,0
703442.348,5268429.231,0,1.9897310277348563,10,0
703441.941,5268430.145,0,1.9910513162760117,10,0
703441.533,5268431.058,0,1.9897310277348563,10,0
703441.126,5268431.972,0,1.990137974469239,10,0
703440.719,5268432.885,0,1.9910513163822954,10,0
703440.311,5268433.798,0,1.9897310277348563,10,0
703439.904,5268434.712,0,1.990137974469239,10,0
703439.497,5268435.625,0,1.9906437022148462,10,0
703439.089,5268436.539,0,1.990137974469239,10,0
703438.682,5268437.452,0,1.9901379740898941,10,0
703438.275,5268438.365,0,1.9897310277348563,10,0
703437.868,5268439.279,0,1.9910513167622625,10,0
703437.46,5268440.192,0,1.9897310277348563,10,0
703437.053,5268441.106,0,1.9901379740898941,10,0
703436.646,5268442.019,0,1.9906437022148462,10,0
703436.238,5268442.933,0,1.990137974469239,10,0
703435.831,5268443.846,0,1.990137974469239,10,0
703435.424,5268444.759,0,1.9906437019417782,10,0
703435.016,5268445.673,0,1.9901379743628687,10,0
703434.609,5268446.586,0,1.9897310277348563,10,0
703434.202,5268447.5,0,1.9910513167622625,10,0
703433.794,5268448.413,0,1.9901379740898941,10,0
703433.387,5268449.326,0,1.9897310277348563,10,0
703432.98,5268450.24,0,1.990137974469239,10,0
703432.573,5268451.153,0,1.9906437022148462,10,0
703432.165,5268452.067,0,1.9901379740898941,10,0
703431.758,5268452.98,0,1.9897310277348563,10,0
703431.351,5268453.894,0,1.9910513167622625,10,0
703430.943,5268454.807,0,1.990137974469239,10,0
703430.536,5268455.72,0,1.9897310277348563,10,0
703430.129,5268456.634,0,1.9901379740898941,10,0
703429.722,5268457.547,0,1.9906437022148462,10,0
703429.314,5268458.461,0,1.990137974469239,10,0
703428.907,5268459.374,0,1.990137974469239,10,0
703428.5,5268460.287,0,1.9906437019417782,10,0
703428.092,5268461.201,0,1.9901379743628687,10,0
703427.685,5268462.114,0,1.9897310277348563,10,0
703427.278,5268463.028,0,1.9910513167622625,10,0
703426.87,5268463.941,0,1.9897310273562039,10,0
703426.463,5268464.855,0,1.990137974469239,10,0
703426.056,5268465.768,0,1.990137974469239,10,0
703425.649,5268466.681,0,1.9906437022148462,10,0
703425.241,5268467.595,0,1.9901379740898941,10,0
703424.834,5268468.508,0,1.9897310277348563,10,0
703424.427,5268469.422,0,1.9910513167622625,10,0
703424.019,5268470.335,0,1.990137974469239,10,0
703423.612,5268471.248,0,1.9897310277348563,10,0
703423.205,5268472.162,0,1.9910513162760117,10,0
703422.797,5268473.075,0,1.9897310277348563,10,0
703422.39,5268473.989,0,1.990137974469239,10,0
703421.983,5268474.902,0,1.9897310277348563,10,0
703421.576,5268475.816,0,1.9910513163822954,10,0
703421.168,5268476.729,0,1.9901379743628687,10,0
703420.761,5268477.642,0,1.9897310277348563,10,0
703420.354,5268478.556,0,1.9910513167622625,10,0
703419.946,5268479.469,0,1.9897310273562039,10,0
703419.539,5268480.383,0,1.990137974469239,10,0
703419.132,5268481.296,0,1.9910513166559787,10,0
703418.724,5268482.209,0,1.9897310277348563,10,0
703418.317,5268483.123,0,1.9901379740898941,10,0
703417.91,5268484.036,0,1.9897310277348563,10,0
703417.503,5268484.95,0,1.9910513167622625,10,0
703417.095,5268485.863,0,1.9897310277348563,10,0
703416.688,5268486.777,0,1.9901379740898941,10,0
703416.281,5268487.69,0,1.9910513166559787,10,0
703415.873,5268488.603,0,1.9897310277348563,10,0
703415.466,5268489.517,0,1.990137974469239,10,0
703415.059,5268490.43,0,1.9897310277348563,10,0
703414.652,5268491.344,0,1.9910513163822954,10,0
703414.244,5268492.257,0,1.9901379743628687,10,0
703413.837,5268493.17,0,1.9897310277348563,10,0
703413.43,5268494.084,0,1.9910513163822954,10,0
703413.022,5268494.997,0,1.9897310277348563,10,0
703412.615,5268495.911,0,1.990137974469239,10,0
703412.208,5268496.824,0,1.9906437022148462,10,0
703411.8,5268497.738,0,1.990137974469239,10,0
703411.393,5268498.651,0,1.9901379740898941,10,0
703410.986,5268499.564,0,1.9897310277348563,10,0
703410.579,5268500.478,0,1.9910513167622625,10,0
703410.171,5268501.391,0,1.9897310277348563,10,0
703409.764,5268502.305,0,1.9901379740898941,10,0
703409.357,5268503.218,0,1.9910513166559787,10,0
703408.949,5268504.131,0,1.9897310277348563,10,0
703408.542,5268505.045,0,1.990137974469239,10,0
703408.135,5268505.958,0,1.9897310273562039,10,0
703407.728,5268506.872,0,1.9910513167622625,10,0
703407.32,5268507.785,0,1.9897310277348563,10,0
703406.913,5268508.699,0,1.9901379743628687,10,0
703406.506,5268509.612,0,1.9910513163822954,10,0
703406.098,5268510.525,0,1.9897310277348563,10,0
703405.691,5268511.439,0,1.990137974469239,10,0
703405.284,5268512.352,0,1.9906437022148462,10,0
703404.876,5268513.266,0,1.990137974469239,10,0
703404.469,5268514.179,0,1.9901379740898941,10,0
703404.062,5268515.092,0,1.9897310277348563,10,0
703403.655,5268516.006,0,1.9910513167622625,10,0
703403.247,5268516.919,0,1.9897310277348563,10,0
703402.84,5268517.833,0,1.9901379740898941,10,0
703402.433,5268518.746,0,1.9906437022148462,10,0
703402.025,5268519.66,0,1.990137974469239,10,0
703401.618,5268520.573,0,1.990137974469239,10,0
703401.211,5268521.486,0,1.9897310273562039,10,0
703400.804,5268522.4,0,1.9910513167622625,10,0
703400.396,5268523.313,0,1.9897310277348563,10,0
703399.989,5268524.227,0,1.9901379743628687,10,0
703399.582,5268525.14,0,1.9910513163822954,10,0
703399.174,5268526.053,0,1.9897310277348563,10,0
703398.767,5268526.967,0,1.990137974469239,10,0
703398.36,5268527.88,0,1.9897310277348563,10,0
703397.953,5268528.794,0,1.9910513162760117,10,0
703397.545,5268529.707,0,1.9897310277348563,10,0
703397.138,5268530.621,0,1.990137974469239,10,0
703396.731,5268531.534,0,1.9910513167622625,10,0
703396.323,5268532.447,0,1.9897310277348563,10,0
703395.916,5268533.361,0,1.9901379740898941,10,0
703395.509,5268534.274,0,1.9897310277348563,10,0
703395.102,5268535.188,0,1.9910513166559787,10,0
703394.694,5268536.101,0,1.9897310277348563,10,0
703394.287,5268537.015,0,1.9901379740898941,10,0
703393.88,5268537.928,0,1.9910513167622625,10,0
703393.472,5268538.841,0,1.9897310277348563,10,0
703393.065,5268539.755,0,1.9901379743628687,10,0
703392.658,5268540.668,0,1.9906437019417782,10,0
703392.25,5268541.582,0,1.990137974469239,10,0
703391.843,5268542.495,0,1.990137974469239,10,0
703391.436,5268543.408,0,1.9897310277348563,10,0
703391.029,5268544.322,0,1.9910513162760117,10,0
703390.621,5268545.235,0,1.9897310277348563,10,0
703390.214,5268546.149,0,1.990137974469239,10,0
703389.807,5268547.062,0,1.9906437023210524,10,0
703389.399,5268547.976,0,1.9901379740898941,10,0
703388.992,5268548.889,0,1.990137974469239,10,0
703388.585,5268549.802,0,1.9897310277348563,10,0
703388.178,5268550.716,0,1.9910513166559787,10,0
703387.77,5268551.629,0,1.9897310277348563,10,0
703387.363,5268552.543,0,1.9901379740898941,10,0
703386.956,5268553.456,0,1.9910513167622625,10,0
703386.548,5268554.369,0,1.9897310277348563,10,0
703386.141,5268555.283,0,1.9901379739835237,10,0
703385.734,5268556.196,0,1.9897310277348563,10,0
703385.327,5268557.11,0,1.9910513167622625,10,0
703384.919,5268558.023,0,1.9897310277348563,10,0
703384.512,5268558.937,0,1.990137974469239,10,0
703384.105,5268559.85,0,1.9910513162760117,10,0
703383.697,5268560.763,0,1.9897310277348563,10,0
703383.29,5268561.677,0,1.990137974469239,10,0
703382.883,5268562.59,0,1.9897310277348563,10,0
703382.476,5268563.504,0,1.9910513163822954,10,0
703382.068,5268564.417,0,1.9897310277348563,10,0
703381.661,5268565.331,0,1.990137974469239,10,0
703381.254,5268566.244,0,1.9910513166559787,10,0
703380.846,5268567.157,0,1.9897310273562039,10,0
703380.439,5268568.071,0,1.990137974469239,10,0
703380.032,5268568.984,0,1.9897310277348563,10,0
703379.625,5268569.898,0,1.9910513167622625,10,0
703379.217,5268570.811,0,1.9901379739835237,10,0
703378.81,5268571.724,0,1.9897310277348563,10,0
703378.403,5268572.638,0,1.9910513167622625,10,0
703377.995,5268573.551,0,1.9897310277348563,10,0
703377.588,5268574.465,0,1.990137974469239,10,0
703377.181,5268575.378,0,1.9897310273562039,10,0
703376.774,5268576.292,0,1.9910513166559787,10,0
703376.366,5268577.205,0,1.990137974469239,10,0
703375.959,5268578.118,0,1.9897310277348563,10,0
703375.552,5268579.032,0,1.9910513163822954,10,0
703375.144,5268579.945,0,1.9897310277348563,10,0
703374.737,5268580.859,0,1.990137974469239,10,0
703374.33,5268581.772,0,1.990137974469239,10,0
703373.923,5268582.685,0,1.990643701835572,10,0
703373.515,5268583.599,0,1.990137974469239,10,0
703373.108,5268584.512,0,1.9897310277348563,10,0
703372.701,5268585.426,0,1.990137974469239,10,0
703372.294,5268586.339,0,1.9906437022148462,10,0
703371.886,5268587.253,0,1.9901379740898941,10,0
703371.479,5268588.166,0,1.990137974469239,10,0
703371.072,5268589.079,0,1.9906437023210524,10,0
703370.664,5268589.993,0,1.9901379740898941,10,0
703370.257,5268590.906,0,1.9897310277348563,10,0
703369.85,5268591.82,0,1.990137974469239,10,0
703369.443,5268592.733,0,1.9906437022148462,10,0
703369.035,5268593.647,0,1.990137974469239,10,0
703368.628,5268594.56,0,1.9901379740898941,10,0
703368.221,5268595.473,0,1.9906437023210524,10,0
703367.813,5268596.387,0,1.990137974469239,10,0
703367.406,5268597.3,0,1.9897310277348563,10,0
703366.999,5268598.214,0,1.9901379740898941,10,0
703366.592,5268599.127,0,1.9910513166559787,10,0
703366.184,5268600.04,0,1.9897310277348563,10,0
703365.777,5268600.954,0,1.990137974469239,10,0
703365.37,5268601.867,0,1.990643701835572,10,0
703364.962,5268602.781,0,1.990137974469239,10,0
703364.555,5268603.694,0,1.9897310277348563,10,0
703364.148,5268604.608,0,1.990137974469239,10,0
703363.741,5268605.521,0,1.9910513163822954,10,0
703363.333,5268606.434,0,1.9897310277348563,10,0
703362.926,5268607.348,0,1.990137974469239,10,0
703362.519,5268608.261,0,1.9906437022148462,10,0
703362.111,5268609.175,0,1.9901379740898941,10,0
703361.704,5268610.088,0,1.9897310277348563,10,0
703361.297,5268611.002,0,1.990137974469239,10,0
703360.89,5268611.915,0,1.9910513167622625,10,0
703360.482,5268612.828,0,1.9897310277348563,10,0
703360.075,5268613.742,0,1.9901379740898941,10,0
703359.668,5268614.655,0,1.9897310276285638,10,0
703359.261,5268615.569,0,1.9910513167622625,10,0
703358.853,5268616.482,0,1.990137974469239,10,0
703358.446,5268617.395,0,1.9897310273562039,10,0
703358.039,5268618.309,0,1.9910513166559787,10,0
703357.631,5268619.222,0,1.9897310277348563,10,0
703357.224,5268620.136,0,1.990137974469239,10,0
703356.817,5268621.049,0,1.9897310273562039,10,0
703356.41,5268621.963,0,1.9910513167622625,10,0
703356.002,5268622.876,0,1.990137974469239,10,0
703355.595,5268623.789,0,1.9897310277348563,10,0
703355.188,5268624.703,0,1.9910513162760117,10,0
703354.78,5268625.616,0,1.9897310277348563,10,0
703354.373,5268626.53,0,1.990137974469239,10,0
703353.966,5268627.443,0,1.9897310277348563,10,0
703353.559,5268628.357,0,1.9910513167622625,10,0
703353.151,5268629.27,0,1.9901379740898941,10,0
703352.744,5268630.183,0,1.9897310276285638,10,0
703352.337,5268631.097,0,1.990137974469239,10,0
703351.93,5268632.01,0,1.9906437023210524,10,0
703351.522,5268632.924,0,1.9901379740898941,10,0
703351.115,5268633.837,0,1.990137974469239,10,0
703350.708,5268634.75,0,1.9906437022148462,10,0
703350.3,5268635.664,0,1.990137974469239,10,0
703349.893,5268636.577,0,1.9897310273562039,10,0
703349.486,5268637.491,0,1.990137974469239,10,0
703349.079,5268638.404,0,1.9906437023210524,10,0
703348.671,5268639.318,0,1.990137974469239,10,0
703348.264,5268640.231,0,1.9901379740898941,10,0
703347.857,5268641.144,0,1.9906437022148462,10,0
703347.449,5268642.058,0,1.990137974469239,10,0
703347.042,5268642.971,0,1.9897310277348563,10,0
703346.635,5268643.885,0,1.9901379740898941,10,0
703346.228,5268644.798,0,1.9906437023210524,10,0
703345.82,5268645.712,0,1.990137974469239,10,0
703345.413,5268646.625,0,1.9901379743628687,10,0
703345.006,5268647.538,0,1.9897310277348563,10,0
703344.599,5268648.452,0,1.9910513163822954,10,0
703344.191,5268649.365,0,1.9897310277348563,10,0
703343.784,5268650.279,0,1.990137974469239,10,0
703343.377,5268651.192,0,1.9910513162760117,10,0
703342.969,5268652.105,0,1.9897310277348563,10,0
703342.562,5268653.019,0,1.990137974469239,10,0
703342.155,5268653.932,0,1.9897310277348563,10,0
703341.748,5268654.846,0,1.9910513167622625,10,0
703341.34,5268655.759,0,1.9897310273562039,10,0
703340.933,5268656.673,0,1.990137974469239,10,0
703340.526,5268657.586,0,1.990137974469239,10,0
703340.119,5268658.499,0,1.9906437022148462,10,0
703339.711,5268659.413,0,1.9901379740898941,10,0
703339.304,5268660.326,0,1.9897310277348563,10,0
703338.897,5268661.24,0,1.9910513167622625,10,0
703338.489,5268662.153,0,1.9897310276285638,10,0
703338.082,5268663.067,0,1.9901379740898941,10,0
703337.675,5268663.98,0,1.990137974469239,10,0
703337.268,5268664.893,0,1.9906437023210524,10,0
703336.86,5268665.807,0,1.990137974469239,10,0
703336.453,5268666.72,0,1.9897310277348563,10,0
703336.046,5268667.634,0,1.9901379740898941,10,0
703335.639,5268668.547,0,1.9910513166559787,10,0
703335.231,5268669.46,0,1.9897310277348563,10,0
703334.824,5268670.374,0,1.990137974469239,10,0
703334.417,5268671.287,0,1.9906437019417782,10,0
703334.009,5268672.201,0,1.990137974469239,10,0
703333.602,5268673.114,0,1.9897310277348563,10,0
703333.195,5268674.028,0,1.990137974469239,10,0
703332.788,5268674.941,0,1.9910513162760117,10,0
703332.38,5268675.854,0,1.9897310277348563,10,0
703331.973,5268676.768,0,1.990137974469239,10,0
703331.566,5268677.681,0,1.9897310277348563,10,0
703331.159,5268678.595,0,1.9910513162760117,10,0
703330.751,5268679.508,0,1.9897310277348563,10,0
703330.344,5268680.422,0,1.990137974469239,10,0
703329.937,5268681.335,0,1.9910513167622625,10,0
703329.529,5268682.248,0,1.9897310277348563,10,0
703329.122,5268683.162,0,1.9901379740898941,10,0
703328.715,5268684.075,0,1.9897310277348563,10,0
703328.308,5268684.989,0,1.9910513166559787,10,0
703327.9,5268685.902,0,1.9897310277348563,10,0
703327.493,5268686.816,0,1.9901379740898941,10,0
703327.086,5268687.729,0,1.990137974469239,10,0
703326.679,5268688.642,0,1.9906437023210524,10,0
703326.271,5268689.556,0,1.990137974469239,10,0
703325.864,5268690.469,0,1.9897310272499114,10,0
703325.457,5268691.383,0,1.9910513167622625,10,0
703325.049,5268692.296,0,1.990137974469239,10,0
703324.642,5268693.209,0,1.9897310277348563,10,0
703324.235,5268694.123,0,1.9901379740898941,10,0
703323.828,5268695.036,0,1.9906437022148462,10,0
703323.42,5268695.95,0,1.990137974469239,10,0
703323.013,5268696.863,0,1.9897310277348563,10,0
703322.606,5268697.777,0,1.9901379740898941,10,0
703322.199,5268698.69,0,1.9910513167622625,10,0
703321.791,5268699.603,0,1.9897310277348563,10,0
703321.384,5268700.517,0,1.990137974469239,10,0
703320.977,5268701.43,0,1.9897310277348563,10,0
703320.57,5268702.344,0,1.9910513162760117,10,0
703320.162,5268703.257,0,1.9897310277348563,10,0
703319.755,5268704.171,0,1.990137974469239,10,0
703319.348,5268705.084,0,1.9910513163822954,10,0
703318.94,5268705.997,0,1.9897310276285638,10,0
703318.533,5268706.911,0,1.990137974469239,10,0
703318.126,5268707.824,0,1.9897310277348563,10,0
703317.719,5268708.738,0,1.9910513167622625,10,0
703317.311,5268709.651,0,1.9897310273562039,10,0
703316.904,5268710.565,0,1.990137974469239,10,0
703316.497,5268711.478,0,1.990137974469239,10,0
703316.09,5268712.391,0,1.9906437022148462,10,0
703315.682,5268713.305,0,1.9901379740898941,10,0
703315.275,5268714.218,0,1.9897310277348563,10,0
703314.868,5268715.132,0,1.990137974469239,10,0
703314.461,5268716.045,0,1.9910513167622625,10,0
703314.053,5268716.958,0,1.9897310273562039,10,0
703313.646,5268717.872,0,1.990137974469239,10,0
703313.239,5268718.785,0,1.9906437022148462,10,0
703312.831,5268719.699,0,1.990137974469239,10,0
703312.424,5268720.612,0,1.9897310277348563,10,0
703312.017,5268721.526,0,1.9901379740898941,10,0
703311.61,5268722.439,0,1.9910513166559787,10,0
703311.202,5268723.352,0,1.9897310277348563,10,0
703310.795,5268724.266,0,1.990137974469239,10,0
703310.388,5268725.179,0,1.9897310273562039,10,0
703309.981,5268726.093,0,1.9910513167622625,10,0
703309.573,5268727.006,0,1.9897310277348563,10,0
703309.166,5268727.92,0,1.990137974469239,10,0
703308.759,5268728.833,0,1.9901379740898941,10,0
703308.352,5268729.746,0,1.9906437022148462,10,0
703307.944,5268730.66,0,1.990137974469239,10,0
703307.537,5268731.573,0,1.9897310277348563,10,0
703307.13,5268732.487,0,1.9910513163822954,10,0
703306.722,5268733.4,0,1.9897310277348563,10,0
703306.315,5268734.314,0,1.9901379743628687,10,0
703305.908,5268735.227,0,1.990137974469239,10,0
703305.501,5268736.14,0,1.9906437023210524,10,0
703305.093,5268737.054,0,1.9901379740898941,10,0
703304.686,5268737.967,0,1.9897310277348563,10,0
703304.279,5268738.881,0,1.990137974469239,10,0
703303.872,5268739.794,0,1.9906437022148462,10,0
703303.464,5268740.708,0,1.9901379740898941,10,0
703303.057,5268741.621,0,1.990137974469239,10,0
703302.65,5268742.534,0,1.9897310277348563,10,0
703302.243,5268743.448,0,1.9910513167622625,10,0
703301.835,5268744.361,0,1.9897310273562039,10,0
703301.428,5268745.275,0,1.990137974469239,10,0
703301.021,5268746.188,0,1.990137974469239,10,0
703300.614,5268747.101,0,1.9906437022148462,10,0
703300.206,5268748.015,0,1.9901379740898941,10,0
703299.799,5268748.928,0,1.9897310277348563,10,0
703299.392,5268749.842,0,1.9910513166559787,10,0
703298.984,5268750.755,0,1.9897310277348563,10,0
703298.577,5268751.669,0,1.9901379740898941,10,0
703298.17,5268752.582,0,1.990137974469239,10,0
703297.763,5268753.495,0,1.9906437023210524,10,0
703297.355,5268754.409,0,1.990137974469239,10,0
703296.948,5268755.322,0,1.9897310277348563,10,0
703296.541,5268756.236,0,1.9901379740898941,10,0
703296.134,5268757.149,0,1.9906437022148462,10,0
703295.726,5268758.063,0,1.990137974469239,10,0
703295.319,5268758.976,0,1.9901379740898941,10,0
703294.912,5268759.889,0,1.9897310277348563,10,0
703294.505,5268760.803,0,1.9910513167622625,10,0
703294.097,5268761.716,0,1.9897310277348563,10,0
703293.69,5268762.63,0,1.9901379743628687,10,0
703293.283,5268763.543,0,1.9897310273562039,10,0
703292.876,5268764.457,0,1.9910513167622625,10,0
703292.468,5268765.37,0,1.990137974469239,10,0
703292.061,5268766.283,0,1.9897310277348563,10,0
703291.654,5268767.197,0,1.9901379740898941,10,0
703291.247,5268768.11,0,1.9906437022148462,10,0
703290.839,5268769.024,0,1.990137974469239,10,0
703290.432,5268769.937,0,1.9897310277348563,10,0
703290.025,5268770.851,0,1.9910513163822954,10,0
703289.617,5268771.764,0,1.990137974469239,10,0
703289.21,5268772.677,0,1.9897310277348563,10,0
703288.803,5268773.591,0,1.990137974469239,10,0
703288.396,5268774.504,0,1.9906437022148462,10,0
703287.988,5268775.418,0,1.9901379740898941,10,0
703287.581,5268776.331,0,1.9897310277348563,10,0
703287.174,5268777.245,0,1.990137974469239,10,0
703286.767,5268778.158,0,1.9910513162760117,10,0
703286.359,5268779.071,0,1.9897310277348563,10,0
703285.952,5268779.985,0,1.990137974469239,10,0
703285.545,5268780.898,0,1.9897310277348563,10,0
703285.138,5268781.812,0,1.9910513167622625,10,0
703284.73,5268782.725,0,1.9901379740898941,10,0
703284.323,5268783.638,0,1.9897310277348563,10,0
703283.916,5268784.552,0,1.990137974469239,10,0
703283.509,5268785.465,0,1.9906437022148462,10,0
703283.101,5268786.379,0,1.9901379740898941,10,0
703282.694,5268787.292,0,1.9897310277348563,10,0
703282.287,5268788.206,0,1.990137974469239,10,0
703281.88,5268789.119,0,1.9910513167622625,10,0
703281.472,5268790.032,0,1.9897310273562039,10,0
703281.065,5268790.946,0,1.9901379743628687,10,0
703280.658,5268791.859,0,1.9897310277348563,10,0
703280.251,5268792.773,0,1.9910513167622625,10,0
703279.843,5268793.686,0,1.9897310277348563,10,0
703279.436,5268794.6,0,1.9901379740898941,10,0
703279.029,5268795.513,0,1.990137974469239,10,0
703278.622,5268796.426,0,1.9906437022148462,10,0
703278.214,5268797.34,0,1.990137974469239,10,0
703277.807,5268798.253,0,1.9897310273562039,10,0
703277.4,5268799.167,0,1.9910513167622625,10,0
703276.992,5268800.08,0,1.9897310277348563,10,0
703276.585,5268800.994,0,1.990137974469239,10,0
703276.178,5268801.907,0,1.9901379740898941,10,0
703275.771,5268802.82,0,1.9906437022148462,10,0
703275.363,5268803.734,0,1.990137974469239,10,0
703274.956,5268804.647,0,1.9897310277348563,10,0
703274.549,5268805.561,0,1.9901379740898941,10,0
703274.142,5268806.474,0,1.9906437022148462,10,0
703273.734,5268807.388,0,1.990137974469239,10,0
703273.327,5268808.301,0,1.990137974469239,10,0
703272.92,5268809.214,0,1.9897310277348563,10,0
703272.513,5268810.128,0,1.9910513163822954,10,0
703272.105,5268811.041,0,1.9897310277348563,10,0
703271.698,5268811.955,0,1.990137974469239,10,0
703271.291,5268812.868,0,1.9897310277348563,10,0
703270.884,5268813.782,0,1.9910513162760117,10,0
703270.476,5268814.695,0,1.990137974469239,10,0
703270.069,5268815.608,0,1.9897310277348563,10,0
703269.662,5268816.522,0,1.990137974469239,10,0
703269.255,5268817.435,0,1.9906437019417782,10,0
703268.847,5268818.349,0,1.990137974469239,10,0
703268.44,5268819.262,0,1.9897310276285638,10,0
703268.033,5268820.176,0,1.990137974469239,10,0
703267.626,5268821.089,0,1.9910513163822954,10,0
703267.218,5268822.002,0,1.9897310277348563,10,0
703266.811,5268822.916,0,1.990137974469239,10,0
703266.404,5268823.829,0,1.9897310277348563,10,0
703265.997,5268824.743,0,1.9910513162760117,10,0
703265.589,5268825.656,0,1.9897310277348563,10,0
703265.182,5268826.57,0,1.990137974469239,10,0
703264.775,5268827.483,0,1.990137974469239,10,0
703264.368,5268828.396,0,1.9906437023210524,10,0
703263.96,5268829.31,0,1.9901379740898941,10,0
703263.553,5268830.223,0,1.9897310277348563,10,0
703263.146,5268831.137,0,1.990137974469239,10,0
703262.739,5268832.05,0,1.9906437022148462,10,0
703262.331,5268832.964,0,1.9901379740898941,10,0
703261.924,5268833.877,0,1.990137974469239,10,0
703261.517,5268834.79,0,1.9897310277348563,10,0
703261.11,5268835.704,0,1.9910513166559787,10,0
703260.702,5268836.617,0,1.9897310273562039,10,0
703260.295,5268837.531,0,1.990137974469239,10,0
703259.888,5268838.444,0,1.9897310277348563,10,0
703259.481,5268839.358,0,1.9910513167622625,10,0
703259.073,5268840.271,0,1.9901379740898941,10,0
703258.666,5268841.184,0,1.9897310277348563,10,0
703258.259,5268842.098,0,1.990137974469239,10,0
703257.852,5268843.011,0,1.9906437022148462,10,0
703257.444,5268843.925,0,1.9901379740898941,10,0
703257.037,5268844.838,0,1.990137974469239,10,0
703256.63,5268845.751,0,1.9897310277348563,10,0
703256.223,5268846.665,0,1.9910513167622625,10,0
703255.815,5268847.578,0,1.9897310276285638,10,0
703255.408,5268848.492,0,1.9901379740898941,10,0
703255.001,5268849.405,0,1.9897310277348563,10,0
703254.594,5268850.319,0,1.9910513167622625,10,0
703254.186,5268851.232,0,1.990137974469239,10,0
703253.779,5268852.145,0,1.9897310273562039,10,0
703253.372,5268853.059,0,1.990137974469239,10,0
703252.965,5268853.972,0,1.9906437022148462,10,0
703252.557,5268854.886,0,1.990137974469239,10,0
703252.15,5268855.799,0,1.9897310273562039,10,0
703251.743,5268856.713,0,1.990137974469239,10,0
703251.336,5268857.626,0,1.9910513167622625,10,0
703250.928,5268858.539,0,1.9897310277348563,10,0
703250.521,5268859.453,0,1.9901379740898941,10,0
703250.114,5268860.366,0,1.9897310276285638,10,0
703249.707,5268861.28,0,1.9910513167622625,10,0
703249.299,5268862.193,0,1.9897310277348563,10,0
703248.892,5268863.107,0,1.990137974469239,10,0
703248.485,5268864.02,0,1.9901379740898941,10,0
703248.078,5268864.933,0,1.9906437022148462,10,0
703247.67,5268865.847,0,1.990137974469239,10,0
703247.263,5268866.76,0,1.9897310277348563,10,0
703246.856,5268867.674,0,1.9901379740898941,10,0
703246.449,5268868.587,0,1.9906437023210524,10,0
703246.041,5268869.501,0,1.990137974469239,10,0
703245.634,5268870.414,0,1.990137974469239,10,0
703245.227,5268871.327,0,1.9897310273562039,10,0
703244.82,5268872.241,0,1.9910513166559787,10,0
703244.412,5268873.154,0,1.9897310277348563,10,0
703244.005,5268874.068,0,1.990137974469239,10,0
703243.598,5268874.981,0,1.9897310277348563,10,0
703243.191,5268875.895,0,1.9910513162760117,10,0
703242.783,5268876.808,0,1.990137974469239,10,0
703242.376,5268877.721,0,1.9897310277348563,10,0
703241.969,5268878.635,0,1.9901379740898941,10,0
703241.562,5268879.548,0,1.9906437023210524,10,0
703241.154,5268880.462,0,1.990137974469239,10,0
703240.747,5268881.375,0,1.9897310277348563,10,0
703240.34,5268882.289,0,1.990137974469239,10,0
703239.933,5268883.202,0,1.9910513162760117,10,0
703239.525,5268884.115,0,1.9897310277348563,10,0
703239.118,5268885.029,0,1.990137974469239,10,0
703238.711,5268885.942,0,1.9897310277348563,10,0
703238.304,5268886.856,0,1.9910513163822954,10,0
703237.896,5268887.769,0,1.9897310277348563,10,0
703237.489,5268888.683,0,1.9901379743628687,10,0
703237.082,5268889.596,0,1.990137974469239,10,0
703236.675,5268890.509,0,1.9906437019417782,10,0
703236.267,5268891.423,0,1.990137974469239,10,0
703235.86,5268892.336,0,1.9897310277348563,10,0
703235.453,5268893.25,0,1.990137974469239,10,0
703235.046,5268894.163,0,1.9897310277348563,10,0
703234.639,5268895.077,0,1.9910513162760117,10,0
703234.231,5268895.99,0,1.990137974469239,10,0
703233.824,5268896.903,0,1.9897310277348563,10,0
703233.417,5268897.817,0,1.9901379740898941,10,0
703233.01,5268898.73,0,1.9906437023210524,10,0
703232.602,5268899.644,0,1.990137974469239,10,0
703232.195,5268900.557,0,1.9897310277348563,10,0
703231.788,5268901.471,0,1.9901379743628687,10,0
703231.381,5268902.384,0,1.9910513163822954,10,0
703230.973,5268903.297,0,1.9897310277348563,10,0
703230.566,5268904.211,0,1.990137974469239,10,0
703230.159,5268905.124,0,1.9897310277348563,10,0
703229.752,5268906.038,0,1.9910513162760117,10,0
703229.344,5268906.951,0,1.9897310277348563,10,0
703228.937,5268907.865,0,1.990137974469239,10,0
703228.53,5268908.778,0,1.990137974469239,10,0
703228.123,5268909.691,0,1.9906437019417782,10,0
703227.715,5268910.605,0,1.990137974469239,10,0
703227.308,5268911.518,0,1.9897310277348563,10,0
703226.901,5268912.432,0,1.990137974469239,10,0
703226.494,5268913.345,0,1.9906437022148462,10,0
703226.086,5268914.259,0,1.9901379740898941,10,0
703225.679,5268915.172,0,1.990137974469239,10,0
703225.272,5268916.085,0,1.9897310277348563,10,0
703224.865,5268916.999,0,1.9910513166559787,10,0
703224.457,5268917.912,0,1.9897310273562039,10,0
703224.05,5268918.826,0,1.990137974469239,10,0
703223.643,5268919.739,0,1.9897310277348563,10,0
703223.236,5268920.653,0,1.9910513167622625,10,0
703222.828,5268921.566,0,1.9901379740898941,10,0
703222.421,5268922.479,0,1.9897310277348563,10,0
703222.014,5268923.393,0,1.990137974469239,10,0
703221.607,5268924.306,0,1.9897310277348563,10,0
703221.2,5268925.22,0,1.9910513162760117,10,0
703220.792,5268926.133,0,1.9897310277348563,10,0
703220.385,5268927.047,0,1.990137974469239,10,0
703219.978,5268927.96,0,1.990137974469239,10,0
703219.571,5268928.873,0,1.9906437023210524,10,0
703219.163,5268929.787,0,1.9901379739835237,10,0
703218.756,5268930.7,0,1.9897310277348563,10,0
703218.349,5268931.614,0,1.990137974469239,10,0
703217.942,5268932.527,0,1.9906437023210524,10,0
703217.534,5268933.441,0,1.9901379740898941,10,0
703217.127,5268934.354,0,1.990137974469239,10,0
703216.72,5268935.267,0,1.9897310277348563,10,0
703216.313,5268936.181,0,1.9910513166559787,10,0
703215.905,5268937.094,0,1.9897310273562039,10,0
703215.498,5268938.008,0,1.990137974469239,10,0
703215.091,5268938.921,0,1.9897310277348563,10,0
703214.684,5268939.835,0,1.9910513167622625,10,0
703214.276,5268940.748,0,1.9897310277348563,10,0
703213.869,5268941.662,0,1.9901379739835237,10,0
703213.462,5268942.575,0,1.990137974469239,10,0
703213.055,5268943.488,0,1.9897310277348563,10,0
703212.648,5268944.402,0,1.9910513163822954,10,0
703212.24,5268945.315,0,1.9897310277348563,10,0
703211.833,5268946.229,0,1.990137974469239,10,0
703211.426,5268947.142,0,1.9897310277348563,10,0
703211.019,5268948.056,0,1.9910513166559787,10,0
703210.611,5268948.969,0,1.9901379740898941,10,0
703210.204,5268949.882,0,1.9897310277348563,10,0
703209.797,5268950.796,0,1.990137974469239,10,0
703209.39,5268951.709,0,1.9906437023210524,10,0
703208.982,5268952.623,0,1.9901379740898941,10,0
703208.575,5268953.536,0,1.9897310277348563,10,0
703208.168,5268954.45,0,1.9901379743628687,10,0
703207.761,5268955.363,0,1.9910513167622625,10,0
703207.353,5268956.276,0,1.9897310273562039,10,0
703206.946,5268957.19,0,1.990137974469239,10,0
703206.539,5268958.103,0,1.9897310277348563,10,0
703206.132,5268959.017,0,1.9910513166559787,10,0
703205.724,5268959.93,0,1.9897310277348563,10,0
703205.317,5268960.844,0,1.9901379740898941,10,0
703204.91,5268961.757,0,1.990137974469239,10,0
703204.503,5268962.67,0,1.9897310277348563,10,0
703204.096,5268963.584,0,1.9910513163822954,10,0
703203.688,5268964.497,0,1.9897310277348563,10,0
703203.281,5268965.411,0,1.990137974469239,10,0
703202.874,5268966.324,0,1.9897310277348563,10,0
703202.467,5268967.238,0,1.9910513166559787,10,0
703202.059,5268968.151,0,1.9901379740898941,10,0
703201.652,5268969.064,0,1.9897310277348563,10,0
703201.245,5268969.978,0,1.990137974469239,10,0
703200.838,5268970.891,0,1.9906437022148462,10,0
703200.43,5268971.805,0,1.9901379740898941,10,0
703200.023,5268972.718,0,1.9897310277348563,10,0
703199.616,5268973.632,0,1.990137974469239,10,0
703199.209,5268974.545,0,1.9910513167622625,10,0
703198.801,5268975.458,0,1.9897310273562039,10,0
703198.394,5268976.372,0,1.990137974469239,10,0
703197.987,5268977.285,0,1.9897310277348563,10,0
703197.58,5268978.199,0,1.990137974469239,10,0
703197.173,5268979.112,0,1.9906437022148462,10,0
703196.765,5268980.026,0,1.9901379740898941,10,0
703196.358,5268980.939,0,1.990137974469239,10,0
703195.951,5268981.852,0,1.9897310277348563,10,0
703195.544,5268982.766,0,1.9910513166559787,10,0
703195.136,5268983.679,0,1.9897310273562039,10,0
703194.729,5268984.593,0,1.990137974469239,10,0
703194.322,5268985.506,0,1.9897310277348563,10,0
703193.915,5268986.42,0,1.9910513167622625,10,0
703193.507,5268987.333,0,1.9901379740898941,10,0
703193.1,5268988.246,0,1.9897310277348563,10,0
703192.693,5268989.16,0,1.990137974469239,10,0
703192.286,5268990.073,0,1.9897310277348563,10,0
703191.879,5268990.987,0,1.9910513162760117,10,0
703191.471,5268991.9,0,1.9897310277348563,10,0
703191.064,5268992.814,0,1.990137974469239,10,0
703190.657,5268993.727,0,1.990137974469239,10,0
703190.25,5268994.64,0,1.9906437023210524,10,0
703189.842,5268995.554,0,1.9901379739835237,10,0
703189.435,5268996.467,0,1.9897310277348563,10,0
703189.028,5268997.381,0,1.990137974469239,10,0
703188.621,5268998.294,0,1.9906437023210524,10,0
703188.213,5268999.208,0,1.9901379740898941,10,0
703187.806,5269000.121,0,1.9897310277348563,10,0
703187.399,5269001.035,0,1.990137974469239,10,0
703186.992,5269001.948,0,1.990137974469239,10,0
703186.585,5269002.861,0,1.990643701835572,10,0
703186.177,5269003.775,0,1.990137974469239,10,0
703185.77,5269004.688,0,1.9897310277348563,10,0
703185.363,5269005.602,0,1.990137974469239,10,0
703184.956,5269006.515,0,1.9906437023210524,10,0
703184.548,5269007.429,0,1.9901379740898941,10,0
703184.141,5269008.342,0,1.9901379743628687,10,0
703183.734,5269009.255,0,1.9897310277348563,10,0
703183.327,5269010.169,0,1.9910513163822954,10,0
703182.919,5269011.082,0,1.9897310277348563,10,0
703182.512,5269011.996,0,1.990137974469239,10,0
703182.105,5269012.909,0,1.9897310277348563,10,0
703181.698,5269013.823,0,1.990137974469239,10,0
703181.291,5269014.736,0,1.9910513162760117,10,0
703180.883,5269015.649,0,1.9897310277348563,10,0
703180.476,5269016.563,0,1.990137974469239,10,0
703180.069,5269017.476,0,1.9897310277348563,10,0
703179.662,5269018.39,0,1.9910513163822954,10,0
703179.254,5269019.303,0,1.9897310277348563,10,0
703178.847,5269020.217,0,1.990137974469239,10,0
703178.44,5269021.13,0,1.9901379743628687,10,0
703178.033,5269022.043,0,1.9906437019417782,10,0
703177.625,5269022.957,0,1.990137974469239,10,0
703177.218,5269023.87,0,1.9897310277348563,10,0
703176.811,5269024.784,0,1.990137974469239,10,0
703176.404,5269025.697,0,1.9897310277348563,10,0
703175.997,5269026.611,0,1.9910513162760117,10,0
703175.589,5269027.524,0,1.990137974469239,10,0
703175.182,5269028.437,0,1.9897310277348563,10,0
703174.775,5269029.351,0,1.9901379740898941,10,0
703174.368,5269030.264,0,1.9906437023210524,10,0
703173.96,5269031.178,0,1.990137974469239,10,0
703173.553,5269032.091,0,1.9897310277348563,10,0
703173.146,5269033.005,0,1.990137974469239,10,0
703172.739,5269033.918,0,1.9897310272499114,10,0
703172.332,5269034.832,0,1.9910513167622625,10,0
703171.924,5269035.745,0,1.990137974469239,10,0
703171.517,5269036.658,0,1.9897310277348563,10,0
703171.11,5269037.572,0,1.9901379740898941,10,0
703170.703,5269038.485,0,1.9906437022148462,10,0
703170.295,5269039.399,0,1.990137974469239,10,0
703169.888,5269040.312,0,1.9897310277348563,10,0
703169.481,5269041.226,0,1.9901379740898941,10,0
703169.074,5269042.139,0,1.9910513167622625,10,0
703168.666,5269043.052,0,1.9897310277348563,10,0
703168.259,5269043.966,0,1.990137974469239,10,0
703167.852,5269044.879,0,1.9897310277348563,10,0
703167.445,5269045.793,0,1.9901379740898941,10,0
703167.038,5269046.706,0,1.9906437022148462,10,0
703166.63,5269047.62,0,1.990137974469239,10,0
703166.223,5269048.533,0,1.9901379740898941,10,0
703165.816,5269049.446,0,1.9897310277348563,10,0
703165.409,5269050.36,0,1.9910513166559787,10,0
703165.001,5269051.273,0,1.9897310277348563,10,0
703164.594,5269052.187,0,1.990137974469239,10,0
703164.187,5269053.1,0,1.9897310273562039,10,0
703163.78,5269054.014,0,1.990137974469239,10,0
703163.373,5269054.927,0,1.9910513167622625,10,0
703162.965,5269055.84,0,1.9897310277348563,10,0
703162.558,5269056.754,0,1.9901379740898941,10,0
703162.151,5269057.667,0,1.9897310277348563,10,0
703161.744,5269058.581,0,1.9910513166559787,10,0
703161.336,5269059.494,0,1.9897310277348563,10,0
703160.929,5269060.408,0,1.9901379740898941,10,0
703160.522,5269061.321,0,1.9897310277348563,10,0
703160.115,5269062.235,0,1.990137974469239,10,0
703159.708,5269063.148,0,1.9910513166559787,10,0
703159.3,5269064.061,0,1.9897310277348563,10,0
703158.893,5269064.975,0,1.9901379740898941,10,0
703158.486,5269065.888,0,1.9897310277348563,10,0
703158.079,5269066.802,0,1.9910513167622625,10,0
703157.671,5269067.715,0,1.9897310277348563,10,0
703157.264,5269068.629,0,1.9901379740898941,10,0
703156.857,5269069.542,0,1.990137974469239,10,0
703156.45,5269070.455,0,1.9897310277348563,10,0
703156.043,5269071.369,0,1.9910513166559787,10,0
703155.635,5269072.282,0,1.9897310273562039,10,0
703155.228,5269073.196,0,1.990137974469239,10,0
703154.821,5269074.109,0,1.9897310277348563,10,0
703154.414,5269075.023,0,1.9910513166559787,10,0
703154.006,5269075.936,0,1.9901379740898941,10,0
703153.599,5269076.849,0,1.9897310277348563,10,0
703153.192,5269077.763,0,1.990137974469239,10,0
703152.785,5269078.676,0,1.9897310277348563,10,0
703152.378,5269079.59,0,1.9910513167622625,10,0
703151.97,5269080.503,0,1.9897310273562039,10,0
703151.563,5269081.417,0,1.990137974469239,10,0
703151.156,5269082.33,0,1.990137974469239,10,0
703150.749,5269083.243,0,1.9906437022148462,10,0
703150.341,5269084.157,0,1.9901379740898941,10,0
703149.934,5269085.07,0,1.9897310277348563,10,0
703149.527,5269085.984,0,1.990137974469239,10,0
703149.12,5269086.897,0,1.9897310277348563,10,0
703148.713,5269087.811,0,1.9910513162760117,10,0
703148.305,5269088.724,0,1.9897310277348563,10,0
703147.898,5269089.638,0,1.990137974469239,10,0
703147.491,5269090.551,0,1.990137974469239,10,0
703147.084,5269091.464,0,1.9906437023210524,10,0
703146.676,5269092.378,0,1.9901379740898941,10,0
703146.269,5269093.291,0,1.9897310277348563,10,0
703145.862,5269094.205,0,1.990137974469239,10,0
703145.455,5269095.118,0,1.9897310277348563,10,0
703145.048,5269096.032,0,1.9910513162760117,10,0
703144.64,5269096.945,0,1.990137974469239,10,0
703144.233,5269097.858,0,1.9897310277348563,10,0
703143.826,5269098.772,0,0,10,0
